indicator_id,sdg_goal,sdg_target,indicator_title,reporting_status,data_quality,source_organization,source_dataset,computation_method,geographic_coverage,inventory_warnings,research_status,us_applicability,proposed_source_organization,proposed_source_dataset,proposed_source_url,source_type,retrieval_method,automation_feasibility,confidence,research_notes,date_verified
4.2.2,4,4.2,"Percentage of 5 years olds enrolled in organized learning (prekindergarten, kindergarten, or first or higher grade)",complete,populated,"U.S. Department of Education, National Center for Education Statistics, tabulation of Census Bureau Current Population Survey (October school enrollment supplement)",National Center for Education Statistics tabulation of Census Bureau Current Population Survey,Weighted number of 5-year-olds enrolled divided by 5-year-old population,,,not_started,,,,,,,,,,
8.6.1,8,8.6,Percent of population 16 to 24 years who are not enrolled in school and are either unemployed or not in the labor force,complete,populated,U.S. Bureau of Labor Statistics / Current Population Survey,U.S. Bureau of Labor Statistics / Current Population Survey,"Source: Current Population Survey (CPS) - a monthly national sample household survey. Technical Documentation and Methodology: https://www.bls.gov/cps/documentation.htm Indicator = 100*(16 to 24 years, Not Enrolled in School, Unemployed or Not in the Labor Force)/(Total, 16 to 24 years)",,,not_started,,,,,,,,,,
13.3.1,13,13.3,"Number of countries that have integrated mitigation, adaptation, impact reduction and early warning into primary, secondary and tertiary curricula",complete,populated,National Center for Education Statistics,National Center for Education Statistics,"Since the United States has a federal education system there is no nationally designated curricula for public or private schools. While schools typically do cover some aspects of climate change science, there is a wide range in the scope and intensity of these curricula across state and local jurisdictions that make curricula decisions. A recent study by the National Center for Climate Change Education and Penn State University (http://people.oregonstate.edu/~schmita2/Outreach/TeacherWS_2016/plutzer16sci.pdf) found that nearly all students were exposed to at least some material on climate change during their school years. Three in four science teachers allocate at least an hour to discussing recent global warming in their formal lesson plans. Most science teachers reported covering the greenhouse effect (66%), the carbon cycle (63%), and four or more observable consequences, such as sea-level rise, or changes in seasonal patterns, like the flowering of plants and animal migrations. About 30% of teachers emphasized that recent global warming “is likely due to natural causes,” and 12% did not emphasize human causes. Of teachers who teach climate change, 31% reported emphasizing both the scientific consensus that recent global warming is due to human activity and that many scientists believe recent increases in temperature are due to natural causes.",United States,,not_started,,,,,,,,,,
13.b.1,13,13.b,"Number of least developed countries and small island developing States with nationally determined contributions, long-term strategies, national adaptation plans and adaptation communications, as reported to the secretariat of the United Nations Framework Convention on Climate Change",complete,populated,National Security Council/Executive Office of the President,National Security Council/Executive Office of the President,,United States,,not_started,,,,,,,,,,
15.a.1,15,15.a,Official development assistance and public expenditure on conservation and sustainable use of biodiversity and ecosystems,complete,populated,,,,United States,"reporting_status_conflict: indicator-config=complete, metadata=notstarted | alternate_metadata_files: meta/15.a.1.yml, meta/15_a_1.yml",not_started,,,,,,,,,,
15.b.1,15,15.b,Official development assistance and public expenditure on conservation and sustainable use of biodiversity and ecosystems,complete,populated,,,,United States,"reporting_status_conflict: indicator-config=complete, metadata=notstarted | alternate_metadata_files: meta/15.b.1.yml, meta/15_b_1.yml",not_started,,,,,,,,,,
1.1.1,1,1.1,"Proportion of population below the international poverty line, by sex, age, employment status and geographical location (urban/rural)",notstarted,placeholder,"SEHSD, U.S. Census Bureau",,"Calculated by dividing the number of persons living in households below the poverty line (disaggregated by sex, age and employment status) by the total number of persons (disaggregated by the same sex, age and employment status groups).",United States,"reporting_status_conflict: indicator-config=notstarted, metadata=complete",not_started,,,,,,,,,,
1.2.2,1,1.2,"Proportion of men, women and children of all ages living in poverty in all its dimensions according to national definitions",notstarted,placeholder,,,,United States,,not_started,,,,,,,,,,
1.4.1,1,1.4,Proportion of population living in households with access to basic services,notstarted,placeholder,,,,United States,,not_started,,,,,,,,,,
1.4.2,1,1.4,"Proportion of total adult population with secure tenure rights to land, (a) with legally recognized documentation, and (b) who perceive their rights to land as secure, by sex and type of tenure",notstarted,placeholder,,,"Percentage of women and men with secure tenure rights to individually or communally held land, property and natural resources. Method 1 : (The number of people ( women and men) with documented evidence of secure tenure rights to individually or communally held land, property and natural resources divided by the total number of adult population surveyed) x 100. Method 2 : (The number of households or local communities with documented evidence of secure tenure rights to individually or communally held land, property and natural resources divided by the total number of households or communities surveyed) x 100.",,,not_started,,,,,,,,,,
1.a.1,1,1.a,Proportion of domestically generated resources allocated by the government directly to poverty reduction programmes,notstarted,placeholder,,,,United States,,not_started,,,,,,,,,,
1.a.2,1,1.a,"Proportion of total government spending on essential services (education, health and social protection)",notstarted,placeholder,continue research on source data,,,United States,,not_started,,,,,,,,,,
1.b.1,1,1.b,"Proportion of government recurrent and capital spending to sectors that disproportionately benefit women, the poor and vulnerable groups",notstarted,placeholder,,,,United States,,not_started,,,,,,,,,,
2.1.1,2,2.1,Prevalence of undernourishment,notstarted,placeholder,,,,United States,,not_started,,,,,,,,,,
2.3.1,2,2.3,Volume of production per labour unit by classes of farming/pastoral/forestry enterprise size,notstarted,placeholder,,,,United States,,not_started,,,,,,,,,,
2.3.2,2,2.3,"Average income of small-scale food producers, by sex and indigenous status",notstarted,placeholder,,,,United States,,not_started,,,,,,,,,,
2.4.1,2,2.4,Proportion of agricultural area under productive and sustainable agriculture,notstarted,placeholder,,,The indicator is defined by the following formula: Percent of land under productive and sustainable agriculture Area under productive and sustainable agriculture divided by Agricultural area Where Agricultural area = arable land + permanent crops + permanent meadows and pastures,United States,,not_started,,,,,,,,,,
2.5.1,2,2.5,Number of plant and animal genetic resources for food and agriculture secured in either medium or long-term conservation facilities,notstarted,placeholder,,,,United States,,not_started,,,,,,,,,,
2.5.2,2,2.5,"Proportion of local breeds classified as being at risk, not-at-risk or at unknown level of risk of extinction",notstarted,placeholder,,,,United States,,not_started,,,,,,,,,,
2.a.1,2,2.a,The agriculture orientation index for government expenditures,notstarted,placeholder,,,Agriculture Share of Government Expenditures divided by Agriculture Share of GDP = AOI,United States,,not_started,,,,,,,,,,
2.b.1,2,2.b,Agricultural export subsidies,notstarted,placeholder,,,,United States,,not_started,,,,,,,,,,
2.c.1,2,2.c,Indicator of food price anomalies,notstarted,placeholder,,,"Computation of the indicator requires the availability of a series of monthly prices and involves three steps. Step 1. Calculating the quarterly and annual compound growth rates. A CGR is the growth rate in a time series over a certain amount of time. It is computed as [see report]. A quarterly CGR (CQGR) is calculated by considering periods of three months between ____ and __0, while an annual CGR (CAGR) is calculated by considering a period of 12 months. The importance to consider both CQGR and CAGR derives from the need to take into account the presence of marked seasonal variability in many agricultural prices, with prices growing more or less steadily over the year from their minimum, occurring at harvest period. Step 2. Calculating the weighted average and standard deviation of both CQGR and CAGR. The historic distributions of CGRs are characterized by the mean and the standard deviation of past CGR values. A different distribution of CGRs is computed per each calendar month. Time weights are used to make sure that the more recent past has a higher weight in the calculation of the mean and standard deviation of the distribution of CGRs, so that more recent price dynamics are not overshadowed by past extreme events which could prevent the detection of significant market shocks on prices. Step 4. Computing the indicator of price anomalies. First, the difference between the monthly CGR and the historic average CGR is computed for each month and then normalized with respect to the historic standard deviation. Based on the results, a price anomaly is recorded in each month for which the normalized difference is equal or greater than one. Then, the frequency of price anomalies is computed for both the quarterly and the annual CGRs and the final indicator of price anomalies for month t (________ ) is computed as a weighted average of the frequency of price anomalies in the quarterly CGR and the frequency of price anomalies based on the annual CGR. For further details, see Baquedano 2014 (2015?)",United States,,not_started,,,,,,,,,,
3.1.1,3,3.1,Maternal mortality ratio,notstarted,placeholder,,,"Number of maternal deaths / Number of live births Method of measurement The maternal mortality ratio can be calculated by dividing recorded (or estimated) maternal deaths by total recorded (or estimated) live births in the same period and multiplying by 100 000. Measurement requires information on pregnancy status, timing of death (during pregnancy, childbirth, or within 42 days of termination of pregnancy), and cause of death. The maternal mortality ratio can be calculated directly from data collected through vital registration systems, household surveys or other sources. There are often data quality problems, particularly related to the underreporting and misclassification of maternal deaths. Therefore, data are often adjusted in order to take these data quality issues into account. Because maternal mortality is a relatively rare event, large sample sizes are needed if household surveys are used to identify recent maternal deaths in the household (e.g. last year). This may still result in estimates with large confidence intervals, limiting the usefulness for cross_country or over_time comparisons. To reduce sample size requirements, the sisterhood method used in the DHS and multiple indicator surveys (MICS4) measures maternal mortality by asking respondents about the survival of sisters. It should be noted that the sisterhood method results in pregnancy_related mortality: regardless of the cause of death, all deaths occurring during pregnancy, birth or the six weeks following the termination of the pregnancy are included in the numerator of the maternal mortality ratio. Censuses have also included questions about maternal deaths with variable success. Reproductive Age Mortality Studies (RAMOS) is a special study that uses varied sources, depending on the context, to identify all deaths of women of reproductive age and ascertain which of these deaths are maternal or pregnancy_ related. Method of estimation For facility data_based maternal mortality, the denominator is estimated using population projections. WHO, UNICEF, UNFPA, the United Nations Population Division and The World Bank have developed a method to adjust existing data in order to take into account these data quality issues and ensure the comparability of different data sources. This method involves assessment of data for completeness and, where necessary, adjustment for underreporting and misclassification of deaths as well as development of estimates through statistical modelling for countries with no reliable national level data. Data on maternal mortality and other relevant variables are obtained through databases maintained by WHO, the United Nations Population Division, UNICEF, and The World Bank. Data available from countries varies in terms of source and methods. Given the variability of the sources of data, different methods are used for each data source in order to arrive at country estimates that are comparable and permit regional and global aggregation. Currently, only about one third of all countries/territories have reliable data available and do not need additional estimations. For about half of the countries included in the estimation process, country_reported estimates of maternal mortality are adjusted for the purposes of comparability of the methodologies. For the remainder of countries/territories ' those with no appropriate maternal mortality data'__'a statistical model is employed to predict maternal mortality levels. However, the calculated point estimates with this methodology might not represent the true levels of maternal mortality. It is advised to consider the estimates together with the reported uncertainty margins within which the true levels are known to lie. Predominant type of statistics: predicted.",United States,,not_started,,,,,,,,,,
3.3.5,3,3.3,Number of people requiring interventions against neglected tropical diseases,notstarted,placeholder,,,,United States,,not_started,,,,,,,,,,
3.5.1,3,3.5,"Coverage of treatment interventions (pharmacological, psychosocial and rehabilitation and aftercare services) for substance use disorders",notstarted,placeholder,,,Number of people who have received different treatment interventions in the last year divided by the actual number of the target population (people with substance use disorders measured as the total number of problem drug users).The target will be assessed through aggregating the information on the type of treatment interventions and extent of coverage of these for the population in need.,United States,,not_started,,,,,,,,,,
3.8.1,3,3.8,Coverage of essential health services,notstarted,placeholder,,,"Number of people receiving the intervention / Number of people who need the intervention Method of measurement Universal health coverage means that people receive the services they need, without incurring financial hardship. Countries progressively realize UHC according to their level of development, epidemiological situation, health system and people's expectations. The indicators ideally cover promotion, prevention, treatment, rehabilitation and palliation. There are a number of indicators that all countries implement such as immunization coverage or skilled attendance at birth that can be used for a summary measure of progress that can be used at lgobal and regional and country levels. Countries however will also create their own set of indicators to track progress towards UHC. The selection of indicators is based on the initial framework, and was applied in the global report published in 2015 by WHO and the World Bank. This provides a basis for further improvements working alongside countries. Method of estimation The indicators can be expressed as a summary measure. These can be weighted according to indicator, or intervention area. Work on incorporating an equity component in the summary measure is ongoing but is possible in a relatively simple manner.",,,not_started,,,,,,,,,,
3.8.2,3,3.8,Proportion of population with large household expenditures on health as a share of total household expenditure or income,notstarted,placeholder,,,,United States,,not_started,,,,,,,,,,
3.9.2,3,3.9,"Mortality rate attributed to unsafe water, unsafe sanitation and lack of hygiene (exposure to unsafe Water, Sanitation and Hygiene for All (WASH) services)",notstarted,placeholder,,,,United States,,not_started,,,,,,,,,,
3.b.1,3,3.b,Proportion of the target population covered by all vaccines included in their national programme,notstarted,placeholder,,,"Number of facilities with essential medicines in stock / Total number of health facilities Method of measurement Stock out data may also refer to specific time period (1 month, 3 months). Data on the availability of a specific list of medicines are collected from a survey of a sample of facilities. Availability is reported as the percentage of medicine outlets where a particular medicine was found on the day of the survey. Health facility reports may also include stockouts indicators but require regular independent verification.",,,not_started,,,,,,,,,,
3.b.3,3,3.b,Proportion of health facilities that have a core set of relevant essential medicines available and affordable on a sustainable basis,notstarted,placeholder,,,,United States,,not_started,,,,,,,,,,
3.d.1,3,3.d,International Health Regulations (IHR) capacity and health emergency preparedness,notstarted,placeholder,,,Number of attributes attained / Total number of attributes Method of measurement t Based on a set of attributes of 13 core capacities from a standard WHO instrument.,United States,,not_started,,,,,,,,,,
5.1.1,5,5.1,"Whether or not legal frameworks are in place to promote, enforce and monitor equality and non-discrimination on the basis of sex",notstarted,placeholder,,,,United States,,not_started,,,,,,,,,,
5.3.1,5,5.3,Proportion of women aged 20-24 years who were married or in a union before age 15 and before age 18,notstarted,placeholder,,,,United States,,not_started,,,,,,,,,,
5.3.2,5,5.3,"Proportion of girls and women aged 15-49 years who have undergone female genital mutilation/cutting, by age",notstarted,placeholder,,,,United States,,not_started,,,,,,,,,,
5.6.1,5,5.6,"Proportion of women aged 15-49 years who make their own informed decisions regarding sexual relations, contraceptive use and reproductive health care",notstarted,placeholder,,,"From UN-WOMEN: Denominator: Women of reproductive age 15-49 Measurement: Indicator will be measured through DHS and MICS covering most of low and middle income countries. In developed countries the indicator will be measured through national household surveys From UNFPA The methodology for this indicator has been developed by UNFPA in close collaboration with UN Women by building on available information from DHS surveys. These three questions are already included in the DHS: (a) DHS q. 1054; (b) DHS Phase 7, q. 819 & 820; (c) DHS q. 922). In all cases these questions are currently asked to women married or in union. Therefore the denominator will need to be expanded to include ever sexually active women. In the case of the last question, the current DHS question just refers to 'healthcare for herself', not specifically SRH care, which will need to be added. UNFPA is also compiling and analyzing data from available countries across different regions to understand better how the indicator behaves and whether some additional tweaking will be needed in the formulation of the indicator and its specific components. In DHS, the indicator is already disaggregated by location, economic quintile, and education. For the component related to contraceptive use the indicator is also disaggregated by method of contraception. The proposal is to add age, marital status (married, in union, unmarried) and disability.",United States,,not_started,,,,,,,,,,
5.6.2,5,5.6,"Number of countries with laws and regulations that guarantee full and equal access to women and men aged 15 and older to sexual and reproductive health care, information and education",notstarted,placeholder,,,"From UN-WOMEN: Denominator: All Member States, for federal states this will be reflected in central governments' self-reporting. Sources of information and methodology: The suggested methodology consists of initial self-reporting by governments through a detailed survey to be developed based on the indicators below with detailed questions that safeguard the replicability and reliability of state responses. This procedure was applied for the ICPD+20 review survey with support to governments from UNFPA's country offices where needed. The self-reported data will undergo validation and qualitative assessment by responsible UN agencies assigned to the task. At this stage other stakeholders and data sources could be consulted, e.g. National Human Rights Institutions, human rights treaty bodies or other international, regional or national monitoring bodies. From UNFPA: Methodology and feasibility of data collection The indicator will measure the number of countries with legal and regulatory frameworks guaranteeing access to sexual and reproductive services, education and information without any of the above restrictions. Therefore, to count as a ""yes"" all the four requirements included in this indicator will need to be met: (i) access without third party authorization; (ii) access without age restrictions; (iii) access irrespective of marital status; and (iv) access to education and information at all levels. For countries counting as ""no"", nevertheless, data will be disaggregated in accordance to each of those requirements to be able to measure progress on each particular front. Sources of information and methodology: The suggested methodology consists of initial self-reporting by governments through a detailed survey to be developed based on the indicators below with detailed questions that safeguard the replicability and reliability of state responses. This procedure was successfully applied for the ICPD+20 review survey with support to governments from UNFPA's country offices where needed. Information provided by States can be complemented with information from UN treaty monitoring bodies, including the Committee on Elimination of All Forms of Discrimination Against Women, the Committee on the Rights of the Child and the Committee on Economic, Social and Cultural Rights. These three committees are systematically collecting information and issuing recommendations to State parties on all the issues covered by this indicator. A combined use of these three committees as sources of information will ensure near universal coverage of States and will also increase the periodicity of information. Moreover, other actors with a monitoring role such as regional human rights mechanisms, national human rights institutions and civil society organizations often provide information on the components covered by this indicator. UN agencies such as WHO, UNFPA and UN Women also compile country specific information on legal and regulatory developments on issues pertaining to their respective mandates.",United States,,not_started,,,,,,,,,,
5.a.1,5,5.a,"(a) Proportion of total agricultural population with ownership or secure rights over agricultural land, by sex; and (b) share of women among owners or rightsbearers of agricultural land, type of tenure",notstarted,placeholder,,,"We propose using the 'total agricultural population' as denominator of part (a), instead of the total population, because ownership or right-security over agricultural land is obviously relevant only for the people whose livelihood rely on agriculture. Part (a) ( People with ownership or secure rights over agricultural land / Total agricultural population ) * 100 Part (b) ( Women with ownership or rights over agricultural land / Total owners or rights bearers over agricultural land ) * 100",United States,,not_started,,,,,,,,,,
5.a.2,5,5.a,Proportion of countries where the legal framework (including customary law) guarantees women's equal rights to land ownership and/or control,notstarted,placeholder,,,,United States,,not_started,,,,,,,,,,
5.c.1,5,5.c,Proportion of countries with systems to track and make public allocations for gender equality and women’s empowerment,notstarted,placeholder,,,,United States,,not_started,,,,,,,,,,
6.2.1,6,6.2,"Proportion of population using safely managed sanitation services, including a hand-washing facility with soap and water",notstarted,placeholder,,,"Household surveys and censuses provide data on use of types of basic sanitation facilities listed above. The percentage of the population using safely managed sanitation services is calculated by combining data on the proportion of the population using different types of basic sanitation facilities with estimates of the proportion of faecal waste which is safely disposed in situ or treated off-site. The JMP estimates access to basic sanitation facilities for each country, separately in urban and rural areas, by fitting a regression line to a series of data points from household surveys and censuses. This approach was used to report on use of 'improved sanitation' facilities for MDG monitoring. The JMP is evaluating the use of alternative statistical estimation methods as more data become available. The Statistical Note describes in more detail how 'safety factors', or the proportion of household wastewater that is safely disposed of in situ or transported to a designated place, will be generated through a national assessment process, and combined with data on use of different types of supplies, as recorded in the current JMP database. Calculation of safety factors for safe management of sanitation are the same used for safety factors for wastewater treatment required for household part of the indicator 6.3.1.",United States,,not_started,,,,,,,,,,
6.3.1,6,6.3,Proportion of wastewater safely treated,notstarted,placeholder,,,"The wastewater safely treated is calculated by combining the percentage of household (sewage and faecal sludge) wastewater and the percentage of wastewater from hazardous industries treated. Household surveys and censuses provide information on use of types of basic sanitation facilities. These estimates are combined with safety factors for on-site disposal and for transportation to designated places for safe disposal or treatment, as described in indicator 6.2.1. The information generated for indicator 6.2.1 will be combined with safety factors describing the proportion of wastewater from hazardous industries which is safely treated before disposal or reuse to produce indicator 6.3.1. Calculation of safety factors for household wastewater (sewage and faecal sludge) treatment will be coordinated with estimation of similar safety factors for safe management of sanitation required for indicator 6.2.1. The accompanying Statistical Note describes in more detail how 'safety factors' for wastewater treatment, disposal and reuse will be generated through a national assessment process, and combined with data on use of different types of sanitation facilities, as recorded in the current JMP database. Statistical methods for measurement of the wastewater treatment (called ""wastewater to sewerage""by SEEA-Water) align with the SEEA definitions and treatment categories (primary, secondary, tertiary). Statistical methods for the treatment of industrial wastewater align with the SEEA definitions and treatment categories using ISIC classifications and treated volumes from permits data.",United States,,not_started,,,,,,,,,,
6.4.1,6,6.4,Change in water-use efficiency over time,notstarted,placeholder,,,"The indicator is disaggregated by sector, in order to allow for different metrics in different sectors. Water efficiency in irrigated agriculture is calculated as the agricultural value added per agricultural (net) water withdrawn, expressed in USD/m3. In formula: Awe = GVAa x (1-Cr)Va-Ra Where: * Awe = Irrigated agriculture water efficiency [USD/m3] * GVAa = Gross value added by agriculture (excluding river and marine fisheries and forestry)[USD] * Cr = Proportion of agricultural GVA produced by rainfed agriculture [-] * Va = Volume of water withdrawn by the agricultural sector (including irrigation, livestock and aquaculture) [m3] * Ra = Volume of water returned to the hydrologic system (return flow) [m3] The volume of water withdrawn by the agricultural sectors (V) is collected at country level through national records and reported in questionnaires, in units of km3/year or million m3/year (see example in AQUASTAT http://www.fao.org/nr/water/aquastat/sets/aq-5yr-quest_eng.xls). Agricultural value added in national currency is obtained from national statistics, converted to USD and deflated to the baseline year 2015. The Cr coefficient can be estimated as Cr= 37%, on the basis of the general FAO assumption on the ratio between rainfed and irrigated yield. More detailed estimations are however possible and encouraged at country level. Water efficiency of industries is calculated as the industrial value added per unit of industrial (net) water withdrawn, and expressed in USD/m3. In formula: Iwe = GVAiVi-Ri Where: * Iwe = Irrigated water efficiency [USD/m3] * GVAi = Gross value added by industry (excluding energy)[USD] * Vi = Volume of water withdrawn by the industries (excluding energy) [m3] * Ri = Volume of water returned to the hydrologic system (return flow) [m3] Industrial water withdrawal (V) is collected at country level through national records and reported in questionnaires, in units of km3/year or million m3/year (see example in AQUASTAT http://www.fao.org/nr/water/aquastat/sets/aq-5yr-quest_eng.xls). Industrial value added is obtained from national statistics, deflated to the baseline year 2015. Energy (power) water efficiency is calculated as the value added of power production per unit of (net) water withdrawn for energy production, and expressed in MWh/m3. In formula: Ewe = TEPVe-Re Where: * Ewe = Energy water efficiency [MWh/m3] * TEP = Total energy production [MWh] * Ve = Volume of water withdrawn for energy production, i.e. for the cooling of power plants (including evaporation from reservoirs created behind dams for hydropower) [m3] * Re = Volume of water returned to the hydrologic system (return flow) [m3] Volume of water withdrawn for energy production (V) is collected at country level through national records and reported in questionnaires, in units of km3/year or million m3/year (see example in AQUASTAT http://www.fao.org/nr/water/aquastat/sets/aq-5yr-quest_eng.xls). Value added of electricity production is obtained from national statistics, deflated to the baseline year 2015. Municipal water supply efficiency is the ratio between water effectively distributed to the municipal users and the water withdrawn for municipal use by water supply utilities (i.e. distribution efficiency, size of network losses). In formula: Mwe = MudVm Where: * Mwe = Municipal water supply efficiency [-] * Mud = Water distributed to municipal users [m3] * Vm = Volume of water withdrawn by municipal utilities (i.e. the public distribution network) [m3] Data on volumes of withdrawn and distributed are collected at country level from the municipal supply utilities records.",,,not_started,,,,,,,,,,
6.4.2,6,6.4,Level of water stress: freshwater withdrawal as a proportion of available freshwater resources,notstarted,placeholder,,,"The indicator is computed as the total freshwater withdrawn (TWW) divided by the difference between the total renewable freshwater resources (TRWR) and the environmental water requirements (Env.), multiplied by 100. All variables are expressed in km3/year (10^9 m3/year). Stress (%) = ( TWW / TRWR - Env. ) * 100 It is proposed to classify the level of water stress in three main categories (levels): low, high and very high. The thresholds for the indicator could be country specific, to reflect differences in climate and national water management objectives. Alternatively, uniform thresholds could be proposed using existing literature and taking into account environmental water requirements.",United States,,not_started,,,,,,,,,,
6.5.2,6,6.5,Proportion of transboundary basin area with an operational arrangement for water cooperation,notstarted,placeholder,,,"Calculated ' for any spatial unit (country, region) ' as the percentage that the total surface area (in km2) of transboundary basins that have an operational arrangement for water cooperation makes up of the total surface area of transboundary basins (km2). GIS data on the extent and location of transboundary basins facilitates the spatial analysis, corresponding datasets available globally.",United States,,not_started,,,,,,,,,,
6.6.1,6,6.6,Change in the extent of water-related ecosystems over time,notstarted,placeholder,,,"It is proposed to estimate percentage change in each major ecosystem present in a country, and the indicator will enable Member States to report on those water-related ecosystems that are important to them. Wetland extent is computed through the existing Living Planet Index methodology for data collection and analysis (http://www.livingplanetindex.org/home/index). It consists of a number of stages including harvesting of time series data, codification and database entry, aggregation into sub-indices to reduce sampling bias, and further aggregation to create subglobal (ecologically and regionally specific) and global indices. The methodology is flexible to incorporating improving sources of information and data, for a more comprehensive assessment of trends. The structure of the indicator can be designed to align with the SEEA Water accounts and estimate percentage change in Natural Water Capital available to society based on a) Mean Annual Water Availability; b) Mean Annual Water Withdrawals; c) Environmental Water requirements Aquastat (FAO); GEMS Water for national data (UNEP).",United States,,not_started,,,,,,,,,,
6.a.1,6,6.a,Amount of water- and sanitation-related official development assistance that is part of a government-coordinated spending plan,notstarted,placeholder,,,"The indicator is computed as the proportion between the amount of water and sanitation related Official Development Assistance a government receives, and the total amount budgeted for water and sanitation in a government coordinated spending plan.",United States,,not_started,,,,,,,,,,
6.b.1,6,6.b,Proportion of local administrative units with established and operational policies and procedures for participation of local communities in water and sanitation management,notstarted,placeholder,,,,United States,,not_started,,,,,,,,,,
7.1.2,7,7.1,Proportion of population with primary reliance on clean fuels and technology,notstarted,placeholder,,,"The indicator is calculated as the number of people using clean fuels and technologies for cooking, heating and lighting divided by total population reporting that any cooking, heating or lighting, expressed as percentage. Method of computation The indicator is modelled with household survey data compiled by WHO. The information on cooking fuel use and cooking practices comes from about 800 nationally representative survey and censuses. Survey sources include Demographic and Health Surveys (DHS) and Living Standards Measurement Surveys (LSMS), Multi-Indicator Cluster Surveys (MICS), the World Health Survey (WHS), and other nationally developed and implemented surveys. Estimates of primary cooking energy for the total, urban and rural population for a given year are obtained separately using a multilevel model. The model only accounts for regions, countries and time as a spline function, and estimates are restricted to values ranging from zero to one. More details on the model are published elsewhere (Bonjour et al, 2013). Estimates for countries with no available surveys were obtained as follows: When survey data is available for a country, the regional populationweighted mean is used to derive aggregate estimates at a regional or global level, however no country point estimate is given for that country is reported Countries classified as high-income with a Gross National Income (GNI) of more than US$ 12,746.- per capita are assumed to have made a complete transition to using clean fuels and technologies as the primary domestic energy source for cooking and the primary reliance on polluting (unclean) fuels and technologies use is reported to be less than 5% and assumed as zero for regional and global estimates. For estimating the fraction of the population relying on clean fuels and technologies for heating and lighting, the same methodology using survey data to derive country estimates for a particular year will be used using the same above mentioned assumptions.",United States,,not_started,,,,,,,,,,
7.a.1,7,7.a,"International financial flows to developing countries in support of clean energy research and development and renewable energy production, including in hybrid systems",notstarted,placeholder,,,,United States,,not_started,,,,,,,,,,
8.3.1,8,8.3,"Proportion of informal employment in non-agriculture employment, by sex",notstarted,placeholder,,,,United States,,not_started,,,,,,,,,,
8.4.1,8,8.4,"Material footprint, material footprint per capita, and material footprint per GDP",notstarted,placeholder,,,,United States,,not_started,,,,,,,,,,
8.7.1,8,8.7,"Proportion and number of children aged 5-17 years engaged in child labour, by sex and age",notstarted,placeholder,,,,United States,,not_started,,,,,,,,,,
8.8.2,8,8.8,"Level of national compliance of labour rights (freedom of association and collective bargaining) based on International Labour Organization (ILO) textual sources and national legislation, by sex and migrant status",notstarted,placeholder,,,,United States,,not_started,,,,,,,,,,
8.b.1,8,8.b,"Existence of a developed and operationalized national strategy for youth employment, as a distinct strategy or as part of a national employment strategy",notstarted,placeholder,,,,United States,,not_started,,,,,,,,,,
9.1.1,9,9.1,Proportion of the rural population who live within 2 km of an all-season road,notstarted,placeholder,,,,United States,,not_started,,,,,,,,,,
9.3.1,9,9.3,Proportion of small-scale industries in total industry value added,notstarted,placeholder,,,,United States,,not_started,,,,,,,,,,
9.3.2,9,9.3,Proportion of small-scale industries with a loan or line of credit,notstarted,placeholder,,,,United States,,not_started,,,,,,,,,,
9.b.1,9,9.b,Proportion of medium and high-tech industry value added in total value added,notstarted,placeholder,,,,United States,,not_started,,,,,,,,,,
10.2.1,10,10.2,"Proportion of people living below 50 per cent of median income, by sex, age and persons with disabilities",notstarted,placeholder,,,,United States,,not_started,,,,,,,,,,
10.3.1,10,10.3,Proportion of population reporting having personally felt discriminated against or harassed in the previous 12 months on the basis of a ground of discrimination prohibited under international human rights law,notstarted,placeholder,,,,United States,,not_started,,,,,,,,,,
10.5.1,10,10.5,Financial Soundness Indicators,notstarted,placeholder,,,,United States,,not_started,,,,,,,,,,
10.6.1,10,10.6,Proportion of members and voting rights of developing countries in international organizations,notstarted,placeholder,,,,United States,,not_started,,,,,,,,,,
10.7.1,10,10.7,Recruitment cost borne by employee as a proportion of yearly income earned in country of destination,notstarted,placeholder,,,"Recruitment cost borne by agricultural workers, domestic workers and construction workers divided by yearly income earned in country of destination",United States,,not_started,,,,,,,,,,
10.7.2,10,10.7,"Proportion of countries with migration policies that facilitate orderly, safe, regular and responsible migration and mobility of people",notstarted,placeholder,,,"The International Migration Policy Index would track development and identify gaps through aggregation of reporting on migration policies relevant for the SDG framework. The aggregation of constituent items of ""well-managed migration policies"" will be based on existing regional and thematic migration policy indexes and state of the art methodology on conceptualizing and measuring migration policies (Bjerre et. al 2015). Current work points toward the index tracking status regarding the following migration policy strands: Promoting and protecting the human rights of migrants Supporting socio-economic outcome Supporting regulated mobility Mobility dimensions of crisis Partnerships and cooperation Computation would be based on a three-tier-scale, e.g. 100 = comprehensive; 50 = elaborated; 0 = basic level of implementation; or 100 = 100%-90%; 50 = 89%-40%; 0 = 39% and below for proportion of coverage etc.",United States,,not_started,,,,,,,,,,
10.a.1,10,10.a,Proportion of tariff lines applied to imports from least developed countries and developing countries with zero-tariff,notstarted,placeholder,,,,United States,,not_started,,,,,,,,,,
10.b.1,10,10.b,"Total resources flows for development, by recipient and donor countries and type of flow (e.g. official development assistance, foreign direct investment and other flows)",notstarted,placeholder,,,,United States,,not_started,,,,,,,,,,
10.c.1,10,10.c,Remittance costs as a proportion of the amount remitted,notstarted,placeholder,,,"Fees paid, including indirect costs for inflated exchange rates, divided by the amount remitted.",United States,,not_started,,,,,,,,,,
11.2.1,11,11.2,"Proportion of population that has convenient access to public transport, by sex, age and persons with disabilities",notstarted,placeholder,,,,United States,,not_started,,,,,,,,,,
11.3.1,11,11.3,Ratio of land consumption rate to population growth rate,notstarted,placeholder,,,,United States,,not_started,,,,,,,,,,
11.3.2,11,11.3,Proportion of cities with a direct participation structure of civil society in urban planning and management that operate regularly and democratically,notstarted,placeholder,,,,United States,,not_started,,,,,,,,,,
11.4.1,11,11.4,"Total expenditure (public and private) per capita spent on the preservation, protection and conservation of all cultural and natural heritage, by type of heritage (cultural, natural, mixed and World Heritage Centre designation), level of government (national, regional and local/municipal), type of expenditure (operating expenditure/investment) and type of private funding (donations in kind, private nonprofit sector and sponsorship)",notstarted,placeholder,,,,United States,,not_started,,,,,,,,,,
11.6.1,11,11.6,"Proportion of urban solid waste regularly collected and with adequate final discharge out of total urban solid waste generated, by cities",notstarted,placeholder,,,"Solid waste recycling = ( volume of waste recycled / total collected waste ) * 100 Benchmark Min = 0% Max = 63.33% Calculated from data from 2010 to 2012 available at Eurostat (2014). __* = 50 Obtained from European Parliament, Council of the European Union (2008). Standardization (S) see report for Standardization details",United States,,not_started,,,,,,,,,,
11.7.1,11,11.7,"Average share of the built-up area of cities that is open space for public use for all, by sex, age and persons with disabilities",notstarted,placeholder,,,"Proportion of urban area allocated to open public spaces, including street and sidewalks. Proportion of Total Open Public Space = ( (Total surface of open public space + Total surface of land allocated to streets) / Total surface of built up area of the urban agglomeration ) Unit of Measurement: % The method to estimate the area of public space is based on three steps: 1. spatial analysis to delimit the built-up area of the city 2. estimation of the total open public space and 3. estimation of the total area allocated to streets. <p>1. Spatial analysis to delimit the built-up area</p> Delimit the built-up area of the urban agglomeration and calculate the total area (square kilometers). * 1.1 Satellite imagery: Use of exiting layers of satellite imagery ranging from open sources such as Google Earth and US Geological Survey/NASA imagery Landsat to more sophisticated and higher resolution land cover data sets. Images will be analyzed for the latest available year. * 1.2 Delimitation of built-up area of the urban agglomeration: The delimitation of the urban agglomeration refers to the total area occupied by the built-up area and its urbanized open space. The delimitation of the study area distinguishes urban, suburban and rural areas based on the built-up densities. This indicators includes urban (more than 50% built-up density) and suburban areas (between 50% to 10% built-up density (refer to annex 1 ""Measurement of the Street Connectivity Index""). <p>2. Open public space: mapping and calculation of total areas of open public space within the defined urban boundaries based on the built-up area.</p> * 2.1 Definition of open public space: An open public space is related to universal access. Open public spaces include only the following types: * Parks: open spaces inside a municipality that provide free air recreation and contact with nature. Their principal characteristic is the significant proportion of green area. * Civic parks: open spaces created by building agglomeration around an open area, which was later transformed into a representative, civic area. They are characterised by considerable nature, specifically gardens. They are good place for cultural events and passive recreation. * Squares: open spaces created by building agglomeration around an open area. Its main characteristics are the significant proportion of architectonic elements and interaction among buildings and the open area. Squares are usually public spaces that are relevant to the city due to their location, territorial development, or cultural importance. * Recreational green areas: public green areas that contribute to environmental preservation. All recreational green areas must guarantee accessibility and must be linked to urban areas. Their main functions are ornamental and passive recreation. * Facility public areas: open meeting spaces and recreational facilities that are part of city facilities (defined as places that are elementary to all cities; i.e., public libraries, stadium, public sports centres, etc.). These areas have the following characteristics: public property, free transit and access, and both active and passive recreation. (e.g., the public area outside a stadium). * 2.2 Inventory of open public space. Information can be obtained from legal documents outlining publicly owned land and well defined land use plans. In some cases where this information is lacking, incomplete or outdated, open sources and communitybased maps, which are increasingly recognized as a valid source of information, can be a viable alternative. * 2.3 Computation of total area of open public space. The inventory of open public spaces is digitalized in existing maps and vectorised to allow computation of surfaces. The total of open public area is divided by the total built-up area of the city to obtain the proportion. <p>3. Land allocated to streets: calculation of the total area allocated to streets based on sampling techniques as a proportion of the total surface of the built-up area as per definition above.</p> * 3.1 Definition of streets. For this indicator, streets are defined as the space used by pedestrian or vehicles in order to go from one place to another in the city and also in order to interact. More and more, local population recognizes streets as public spaces and as an important 'common' of the city. The area of the streets include the carriageway, the median, the roundabouts, the traffic islands, the sidewalk, the cycle tracks, planting zones and storm drainage; in other words, the right of way limited by private properties and/or natural obstacles such as rivers. In informal settlements or slum areas where sidewalks are missing, the main references for limiting the street area are the physical boundaries used to demarcate the private properties. Unpaved roads are also considered as streets. * 3.2 Sampling technique for the estimation of land allocated to streets. The estimation of the total area of the street is based on the following methodology: * a. Define the boundary of the built-up area. * b. Generate the Halton sequence of sample points of the urban area bounding box for an average density of 10 points per Km2. * c. Extract the sample points that are within the urban area boundary. * d. Buffer the points to get sample areas (circles) with an area of 10 Ha each (0.1 Km2). * e. For each sample area in the sequence: * i) check the completeness of the street network using 'open street maps' (OSM cartography on streets) within the sample area, and complete it if necessary comparing it with the most recent satellite imagery of the urban area * ii) define and delimit streets as per definition * iii) measure the street widths on the orthophoto (i.e. Bing) and store it in the OSM data base * iv) download the OSM cartography * v) superimpose (clip) the OSM data with the sample areas * vi) calculate the land allocated to street for each sample area. * f. Repeat the process for the following sample areas until the variations are within a certain margin (95% confidence limits). * 3.3 Computation of total area of land allocated to streets. The average of the sample areas provide the total land allocated to streets. Benchmark Proportion of Total Open Public Space Min = 0 % Max = 45 % Total Open Public Space (%) Min = 0 % Max = 15 % Land Allocated to Street (%) Min = 0 % Max = 30% Standardization see report for Standardization details Example see report for Example",,,not_started,,,,,,,,,,
11.7.2,11,11.7,"Proportion of persons victim of physical or sexual harassment, by sex, age, disability status and place of occurrence, in the previous 12 months",notstarted,placeholder,,,,United States,,not_started,,,,,,,,,,
11.a.1,11,11.a,Number of countries that have national urban policies or regional development plans that (a) respond to population dynamics; (b) ensure balanced territorial development; and (c) increase local fiscal space,notstarted,placeholder,,,"Develop a country score card that assesses and tracks progress on the extent to which national urban policy (development and implementation) satisfies the following criteria as qualifiers, based on participation, partnership, coordination and cooperation of actors: 1. responds to population dynamics 2. ensures balanced regional and territorial development 3. prepares for infrastructure and services development 4. promotes urban land-use efficiency 5. enhances resilience to climate change 6. protects public space 7. develops effective urban governance systems 8. Increase local fiscal space This indicator places particular emphasis on the aspect of national and regional development planning and the notion of inclusion of sectors and actors, articulated on national urban policies (NUP). The indicator has various key qualifiers that are scored between 0-5 (0-none, and 5 for full compliance). Tools to be used to support the reporting on this indicator include: baseline, benchmarking, point-of-service surveys, scorecard, peer-review and experts opinion, performance monitoring and reporting, focus group discussions, gap and content analysis. With initial support of UN-Habitat and partners tracking and assessment tools and methods will be developed, piloted and rolled out at country level to assess national urban policies developed and implemented based on the qualifiers listed above. Based on expert opinion, the assessment of the qualifiers of the indicator will target national government institutions as well as other key urban stakeholders from academia, private sector, and civil society organization, as per specific criteria of selection of these stakeholders. A threshold will be established to ascertain the level of satisfaction of each qualifier. The method for tracking and analysing progress on national urban policies will collate information on adopted policies, conventions, laws, government programs, and other initiatives that comprise an urban policy. This information would be in most cases already available. The analysis will cover the qualifiers listed above. The standard definition of National Urban Policy5 will be extended and adapted to country context and may include where applicable terms such as National Urban Plan, Frameworks, Strategies, etc. as long as they are aligned with the above qualifiers. For each of the 8 items defined above, policies will be scored on a scale of 1 to 5 for achievement or lack of achievement. Overall aggregate national scores (X) will range from 8 to 40 and these will be standardized to the scale of 0-100 using the following approach. If (X) is the observed aggregate value of the score for the policy performance using the above criterion, then its standardized value X(S) will be computed as; X(s) = 100 ( (X - Min(X) / Max(X) - Min(X) ) Where, Max (X) and Min (X) are the maximum and minimum values observed for X which is 8 and 40, respectively. Countries that achieve maximum values on the scorecard i.e. Max (X) =40, the value assigned via standardization will be 100 while those that achieve minimum score i.e. Min (X) =8 the value assigned via standardization will be 0. Unit: Number/dimensionless Number of countries which have scored above the threshold and are making progress on the range of qualifiers. When analysing the data and the score card, the scorecard of each country could be used to ascertain the overall performance of countries which could then be aggregated by regional groups and specific qualifiers. The scorecard will point to concrete policy recommendations, particularly for qualifiers that need particular attention.",,,not_started,,,,,,,,,,
12.1.1,12,12.1,Number of countries with sustainable consumption and production (SCP) national action plans or SCP mainstreamed as a priority or a target into national policies,notstarted,placeholder,,,,United States,,not_started,,,,,,,,,,
12.2.1,12,12.2,"Material footprint, material footprint per capita, and material footprint per GDP",notstarted,placeholder,,,"Material footprint of consumption reports the amount of primary materials required to serve final demand of a country and can be interpreted as an indicator for the material standard of living/level of capitalization of an economy. Per-capita MF describes the average material use for final demand. DMC and MF need to be looked at in combination as they cover the two aspects of the economy, production and consumption. The DMC reports the actual amount of material in an economy, MF the virtual amount required across the whole supply chain to service final demand. A country can, for instance have a very high DMC because it has a large primary production sector for export or a very low DMC because it has outsourced most of the material intensive industrial processes to other countries. The material footprint corrects for both phenomena.",United States,,not_started,,,,,,,,,,
12.6.1,12,12.6,Number of companies publishing sustainability reports,notstarted,placeholder,,,,United States,,not_started,,,,,,,,,,
12.7.1,12,12.7,Number of countries implementing sustainable public procurement policies and action plans,notstarted,placeholder,,,,United States,,not_started,,,,,,,,,,
12.8.1,12,12.8,Extent to which (i) global citizenship education and (ii) education for sustainable development (including climate change education) are mainstreamed in (a) national education policies (b) curricula (c) teacher education and (d) student assessment,notstarted,placeholder,,,,United States,,not_started,,,,,,,,,,
12.a.1,12,12.a,Amount of support to developing countries on research and development for sustainable consumption and production and environmentally sound technologies,notstarted,placeholder,,,,United States,,not_started,,,,,,,,,,
12.b.1,12,12.b,Number of sustainable tourism strategies or policies and implemented action plans with agreed monitoring and evaluation tools,notstarted,placeholder,,,To be defined,United States,,not_started,,,,,,,,,,
12.c.1,12,12.c,Amount of fossil-fuel subsidies per unit of GDP (production and consumption) and as proportion of total national expenditure on fossil fuels,notstarted,placeholder,,,,United States,,not_started,,,,,,,,,,
13.a.1,13,13.a,Mobilized amount of United States dollars per year between 2020 and 2025 accountable towards the $100 billion commitment,notstarted,placeholder,,,,United States,,not_started,,,,,,,,,,
14.1.1,14,14.1,Index of coastal eutrophication and floating plastic debris density,notstarted,placeholder,,,,United States,,not_started,,,,,,,,,,
14.2.1,14,14.2,Proportion of national exclusive economic zones managed using ecosystem-based approaches,notstarted,placeholder,,,,United States,,not_started,,,,,,,,,,
14.3.1,14,14.3,Average marine acidity (pH) measured at agreed suite of representative sampling stations,notstarted,placeholder,,,,United States,,not_started,,,,,,,,,,
14.6.1,14,14.6,"Progress by countries in the degree of implementation of international instruments aiming to combat illegal, unreported and unregulated fishing",notstarted,placeholder,,,,United States,,not_started,,,,,,,,,,
14.7.1,14,14.7,"Sustainable fisheries as a proportion of GDP in small island developing States, least developed countries and all countries",notstarted,placeholder,,,,United States,,not_started,,,,,,,,,,
14.a.1,14,14.a,Proportion of total research budget allocated to research in the field of marine technology,notstarted,placeholder,,,,United States,,not_started,,,,,,,,,,
14.b.1,14,14.b,Progress by countries in the degree of application of a legal/regulatory/policy/institutional framework which recognizes and protects access rights for small-scale fisheries,notstarted,placeholder,,,,United States,,not_started,,,,,,,,,,
14.c.1,14,14.c,"Number of countries making progress in ratifying, accepting and implementing through legal, policy and institutional frameworks, ocean-related instruments that implement international law, as reflected in the United Nation Convention on the Law of the Sea, for the conservation and sustainable use of the oceans and their resources",notstarted,placeholder,,,,United States,,not_started,,,,,,,,,,
15.1.2,15,15.1,"Proportion of important sites for terrestrial and freshwater biodiversity that are covered by protected areas, by ecosystem type",notstarted,placeholder,,,,United States,,not_started,,,,,,,,,,
15.2.1,15,15.2,Progress towards sustainable forest management,notstarted,placeholder,,,,United States,,not_started,,,,,,,,,,
15.3.1,15,15.3,Proportion of land that is degraded over total land area,notstarted,placeholder,,,,United States,,not_started,,,,,,,,,,
15.4.1,15,15.4,Coverage by protected areas of important sites for mountain biodiversity,notstarted,placeholder,,,,United States,,not_started,,,,,,,,,,
15.4.2,15,15.4,Mountain Green Cover Index,notstarted,placeholder,,,,United States,,not_started,,,,,,,,,,
15.5.1,15,15.5,Red List Index,notstarted,placeholder,,,,United States,,not_started,,,,,,,,,,
15.6.1,15,15.6,"Number of countries that have adopted legislative, administrative and policy frameworks to ensure fair and equitable sharing of benefits",notstarted,placeholder,,,,United States,,not_started,,,,,,,,,,
15.7.1,15,15.7,Proportion of traded wildlife that was poached or illicitly trafficked,notstarted,placeholder,,,,United States,,not_started,,,,,,,,,,
15.9.1,15,15.9,Progress towards national targets established in accordance with Aichi Biodiversity Target 2 of the Strategic Plan for Biodiversity 2011-2020,notstarted,placeholder,,,,United States,,not_started,,,,,,,,,,
15.c.1,15,15.c,Proportion of traded wildlife that was poached or illicitly trafficked,notstarted,placeholder,,,,United States,,not_started,,,,,,,,,,
16.1.2,16,16.1,"Conflict-related deaths per 100,000 population, by sex, age and cause",notstarted,placeholder,,,,United States,,not_started,,,,,,,,,,
16.2.1,16,16.2,Proportion of children aged 1-17 years who experienced any physical punishment and/or psychological aggression by caregivers in the past month,notstarted,placeholder,,,,United States,,not_started,,,,,,,,,,
16.2.3,16,16.2,Proportion of young women and men aged 18-29 years who experienced sexual violence by age 18,notstarted,placeholder,,,,United States,,not_started,,,,,,,,,,
16.4.1,16,16.4,Total value of inward and outward illicit financial flows (in current United States dollars).,notstarted,placeholder,,,,United States,,not_started,,,,,,,,,,
16.4.2,16,16.4,"Proportion of seized, found or surrendered arms whose illicit origin or context has been traced or established by a competent authority in line with international instruments",notstarted,placeholder,,,,United States,,not_started,,,,,,,,,,
16.5.1,16,16.5,"Proportion of persons who had at least one contact with a public official and who paid a bribe to a public official, or were asked for a bribe by those public officials, during the previous 12 months",notstarted,placeholder,,,,United States,,not_started,,,,,,,,,,
16.5.2,16,16.5,"Proportion of businesses that had at least one contact with a public official and that paid a bribe to a public official, or were asked for a bribe by those public officials, during the previous 12 months",notstarted,placeholder,,,,United States,,not_started,,,,,,,,,,
16.6.1,16,16.6,"Primary government expenditures as a proportion of original approved budget, by sector (or by budget codes or similar)",notstarted,placeholder,,,,United States,,not_started,,,,,,,,,,
16.6.2,16,16.6,Proportion of population satisfied with their last experience of public services,notstarted,placeholder,,,,United States,,not_started,,,,,,,,,,
16.7.1,16,16.7,"Proportions of positions (by sex, age, persons with disabilities and population groups) in public institutions (national and local legislatures, public service, and judiciary) compared to national distributions",notstarted,placeholder,,,,United States,,not_started,,,,,,,,,,
16.7.2,16,16.7,"Proportion of population who believe decision-making is inclusive and responsive, by sex, age, disability and population group",notstarted,placeholder,,,,United States,,not_started,,,,,,,,,,
16.8.1,16,16.8,Proportion of members and voting rights of developing countries in international organizations,notstarted,placeholder,,,,United States,,not_started,,,,,,,,,,
16.10.1,16,16.10,"Number of verified cases of killing, kidnapping, enforced disappearance, arbitrary detention and torture of journalists, associated media personnel, trade unionists and human rights advocates in the previous 12 months",notstarted,placeholder,,,,United States,,not_started,,,,,,,,,,
16.10.2,16,16.10,"Number of countries that adopt and implement constitutional, statutory and/or policy guarantees for public access to information",notstarted,placeholder,,,,United States,,not_started,,,,,,,,,,
16.a.1,16,16.a,Existence of independent national human rights institutions in compliance with the Paris Principles,notstarted,placeholder,,,,United States,,not_started,,,,,,,,,,
16.b.1,16,16.b,Proportion of population reporting having personally felt discriminated against or harassed in the previous 12 months on the basis of a ground of discrimination prohibited under international human rights law,notstarted,placeholder,,,,United States,,not_started,,,,,,,,,,
17.1.2,17,17.1,Proportion of domestic budget funded by domestic taxes,notstarted,placeholder,,,,United States,,not_started,,,,,,,,,,
17.2.1,17,17.2,"Net official development assistance, total and to least developed countries, as a proportion of the Organization for Economic Cooperation and Development (OECD) Development Assistance Committee donors' gross national income (GNI)",notstarted,placeholder,,,,United States,,not_started,,,,,,,,,,
17.3.1,17,17.3,Additional financial resources mobilized for developing countries from multiple sources,notstarted,placeholder,,,,United States,,not_started,,,,,,,,,,
17.5.1,17,17.5,Number of countries that adopt and implement investment promotion regimes for least developed countries,notstarted,placeholder,,,,United States,,not_started,,,,,,,,,,
17.6.1,17,17.6,"Number of science and/or technology cooperation agreements and programmes between countries, by type of cooperation",notstarted,placeholder,,,,United States,,not_started,,,,,,,,,,
17.7.1,17,17.7,"Total amount of approved funding for developing countries to promote the development, transfer, dissemination and diffusion of environmentally sound technologies",notstarted,placeholder,,,,United States,,not_started,,,,,,,,,,
17.9.1,17,17.9,"Dollar value of financial and technical assistance (including through North-South, South-South and triangular cooperation) committed to developing countries",notstarted,placeholder,,,,United States,,not_started,,,,,,,,,,
17.10.1,17,17.10,Worldwide weighted tariff-average,notstarted,placeholder,,,,United States,,not_started,,,,,,,,,,
17.11.1,17,17.11,Developing countries' and least developed countries' share of global exports,notstarted,placeholder,,,,United States,,not_started,,,,,,,,,,
17.12.1,17,17.12,"Average tariffs faced by developing countries, least developed countries and small island developing States",notstarted,placeholder,,,,United States,,not_started,,,,,,,,,,
17.14.1,17,17.14,Number of countries with mechanisms in place to enhance policy coherence of sustainable development,notstarted,placeholder,,,,United States,,not_started,,,,,,,,,,
17.15.1,17,17.15,Extent of use of country-owned results frameworks and planning tools by providers of development cooperation,notstarted,placeholder,,,,United States,,not_started,,,,,,,,,,
17.16.1,17,17.16,Number of countries reporting progress in multi-stakeholder development effectiveness monitoring frameworks that support the achievement of the sustainable development goals,notstarted,placeholder,,,,United States,,not_started,,,,,,,,,,
17.17.1,17,17.17,Amount of United States dollars committed to public-private and civil society partnerships,notstarted,placeholder,,,,United States,,not_started,,,,,,,,,,
17.18.1,17,17.18,"Proportion of sustainable development indicators produced at the national level with full disaggregation when relevant to the target, in accordance with the Fundamental Principles of Official Statistics",notstarted,placeholder,,,,United States,,not_started,,,,,,,,,,
17.19.1,17,17.19,Dollar Value of all resources made available to strengthen statistical capacity in developing countries,notstarted,placeholder,,,,United States,,not_started,,,,,,,,,,
2.2.3,2,2.2,"Prevalence of anaemia in women aged 15 to 49 years, by pregnancy status (percentage)",notstarted,missing,,,,,,not_started,,,,,,,,,,
3.9.1,3,3.9,Mortality rate attributed to household and ambient air pollution,notstarted,missing,,,,United States,,not_started,,,,,,,,,,
3.d.2,3,3.d,Percentage of bloodstream infections due to selected antimicrobial-resistant organisms,notstarted,missing,,,,,,not_started,,,,,,,,,,
4.1.2,4,4.1,"Completion rate (primary education, lower secondary education, upper secondary education)",notstarted,missing,,,,,,not_started,,,,,,,,,,
10.4.2,10,10.4,Redistributive impact of fiscal policy,notstarted,missing,,,,,,not_started,,,,,,,,,,
10.7.3,10,10.7,Number of people who died or disappeared in the process of migration towards an international destination,notstarted,missing,,,,,,not_started,,,,,,,,,,
10.7.4,10,10.7,"Proportion of the population who are refugees, by country of origin",notstarted,missing,,,,,,not_started,,,,,,,,,,
13.2.2,13,13.2,Total greenhouse gas emissions per year,notstarted,missing,,,,,,not_started,,,,,,,,,,
15.8.1,15,15.8,Proportion of countries adopting relevant national legislation and adequately resourcing the prevention or control of invasive alien species,notstarted,missing,,,,United States,,not_started,,,,,,,,,,
16.3.3,16,16.3,"Proportion of the population who have experienced a dispute in the past two years and who accessed a formal or informal dispute resolution mechanism, by type of mechanism",notstarted,missing,,,,,,not_started,,,,,,,,,,
